{"cameraMode":{"drawMode":0,"name":"Shaded","section":"Shading Mode"},"sceneLighting":false,"audioPlay":false,"sceneViewState":{"showFog":true,"showMaterialUpdate":true,"showSkybox":true,"showFlares":true,"showImageEffects":true,"showParticleSystems":true},"in2DMode":false,"pivot":{"x":5.957901954650879,"y":-0.972234308719635,"z":-43.700923919677737},"rotation":{"x":0.06626107543706894,"y":0.002988358261063695,"z":-0.00019850226817652583,"w":0.9977978467941284},"size":1.6605628728866578,"orthographic":false}