{"cameraMode":{"drawMode":0,"name":"Shaded","section":"Shading Mode"},"sceneLighting":false,"audioPlay":false,"sceneViewState":{"showFog":true,"showMaterialUpdate":false,"showSkybox":true,"showFlares":true,"showImageEffects":true,"showParticleSystems":true},"in2DMode":false,"pivot":{"x":78.8587875366211,"y":-1.8800005912780762,"z":-4.495051383972168},"rotation":{"x":-0.15187163650989533,"y":0.4619620740413666,"z":-0.08063577860593796,"w":-0.8700712323188782},"size":15.651457786560059,"orthographic":false}