{"cameraMode":{"drawMode":0,"name":"Shaded","section":"Shading Mode"},"sceneLighting":false,"audioPlay":false,"sceneViewState":{"showFog":true,"showMaterialUpdate":false,"showSkybox":true,"showFlares":true,"showImageEffects":true,"showParticleSystems":true},"in2DMode":false,"pivot":{"x":74.46954345703125,"y":4.663051128387451,"z":-13.283256530761719},"rotation":{"x":-0.11551164090633393,"y":0.025919465348124505,"z":-0.0030152127146720888,"w":-0.9929633140563965},"size":39.31861114501953,"orthographic":false}