{"cameraMode":{"drawMode":0,"name":"Shaded","section":"Shading Mode"},"sceneLighting":false,"audioPlay":false,"sceneViewState":{"showFog":true,"showMaterialUpdate":false,"showSkybox":true,"showFlares":true,"showImageEffects":true,"showParticleSystems":true},"in2DMode":false,"pivot":{"x":58.258522033691409,"y":0.4289865493774414,"z":0.24927282333374024},"rotation":{"x":-0.11289411038160324,"y":0.8034720420837402,"z":-0.16145837306976319,"w":-0.5617997646331787},"size":886.5272216796875,"orthographic":false}