{"cameraMode":{"drawMode":0,"name":"Shaded","section":"Shading Mode"},"sceneLighting":false,"audioPlay":false,"sceneViewState":{"showFog":true,"showMaterialUpdate":false,"showSkybox":true,"showFlares":true,"showImageEffects":true,"showParticleSystems":true},"in2DMode":false,"pivot":{"x":0.06397926807403565,"y":-0.03189752250909805,"z":-0.6077277660369873},"rotation":{"x":0.1261337399482727,"y":-0.7902323603630066,"z":0.173651784658432,"w":0.5739932656288147},"size":1.4628088474273682,"orthographic":false}